Nama,Harga,Alamat
raMax Seri 8 Full Screen Original Iwo wireless charging Double Strap,545000,Jakarta Pusat
Smart Watch Hw67 Mini,440000,Jakarta Utara
smart watch z66 ultra,440000,Jakarta Utara
smart watch z55 ultra,440000,Jakarta Utara
smart watch active 2,455000,Jakarta Utara
smart watch watch 8,455000,Jakarta Utara
Xiaomi Mi Watch Smart AMOLED Garansi Resmi,1620780,Jakarta Pusat
AMAZFIT GTS BLACK - SMARTWATCH XIAOMI - SMART WATCH HUAMI,739000,Jakarta Selatan
Smartwatch DT7 MAX Wireless Charging Smart Watch,685000,Jakarta Pusat
Smart Watch for Android and IOS Smartwatch,350000,Jakarta Barat
"Haylou SOLAR Lite Smart Watch IP68 SpO2 1.38"" Display - LS05 Lite",279000,Kab. Tangerang
NORTH EDGE E102 ECG Body Temperature Sensor Sport Smart Watch Dustproof IP68,759000,Jakarta Utara
Jam Tangan Smartwatch T500 Original Fit Pro Watch telepon Model iwo watch 5 6 7 iwo 10 Smart Watch,84900,Sidoarjo
iWatch Smart Watch 7 Pro Series 7 By EvaGadgetStore Indonesia Iwo Watch,649000,Sidoarjo
Smart watch Thunder - Jam Tangan Kesehatan Olahraga monitor Oksigen darah tekanan darah detak jantung Android & ios like Zeblaze Amazfit,215000,Jakarta Barat
Smart Watch M4. smartwatch m4 Like Mi Band 4. M 4 Smart Band SPORT. SMARTWATCH ATAU Smart Watch Smartwatch M4 Anti Air Support Android dan Iphone,115000,Jakarta Barat
smart watch 8 big,455000,Jakarta Utara
smart watch S18 pro,440000,Jakarta Utara
smart watch T55 Max,440000,Jakarta Utara
smart watch T55,440000,Jakarta Utara
smart watch X7,445000,Jakarta Utara
Realme Watch 2 Smartwatch Smart Jam Tangan Oxymeter Garansi Resmi,690000,Jakarta Pusat
M6 Smart Watch Oximeter SP02 Sport Mi Band Jam Tangan Pintar Heartrate Deteksi Detak Jantung Oksigen Olah Raga,45000,Kab. Tangerang
Haylou RT2 LS10 Smartwatch IP68 Sport SpO2 Smart Watch HD Display Original Garansi Waterproof,550000,Surabaya
Smartwatch M3 Smart Watch Band M3 Xiaomi Mi Band 3 Jam Tangan Pintar,119000,Jakarta Selatan
Amazfit GTR 2 Smart Watch Sport Classic - Smartwatch GTR2 AMOLED GLOBAL VERSION Garansi Resmi 1Th,1549000,Kab. Tangerang
SKMEI Jam Tangan Pintar Digital Smart Watch Hiwatch Pro Bluetooth Call - T500+ Pro - Smartwatch Skmei T500+ Pro,157900,Jakarta Barat
Oraimo Watch 2 Plus Smart Watch Jam Tangan Pintar BT Call - OSW-32N,799000,Jakarta Pusat
Haylou RT2 LS10 Smartwatch IP68 Sport SpO2 Smart Watch HD Display,459000,Sidoarjo
ORAIMO SMART WATCH OSW-16 BLACK OSW-16-BK,460000,Surabaya
ZEBLAZE VIBE 7 Pro Smart Watch 1.43 AMOLED Hi-Fi Bluetooth Call,868700,Kab. Tangerang
smart watch M16 Plus Karet,435000,Jakarta Utara
smart watch digitec runner original,570000,Jakarta Utara
smart watch digitec wave original,570000,Jakarta Utara
Oraimo Smartwatch 1.57'' Screen Bluetooth v5.1 IP68 Waterproof OSW-18N,332804,Jakarta Pusat
Oraimo Watch 2 Pro Smartwatch 1.75'' Screen IP68 Waterproof OSW-32,689900,Jakarta Pusat
Promo DT NO.1 7 DT7 MAX Smart Watch 19 inci NFC AI Voice jam pintar,480000,Jakarta Pusat
AMAZFIT BIP S - SMART WATCH XIAOMI - HUAMI SMARTWATCH,449000,Jakarta Selatan
Goospery Silicone Strap Galaxy Smart Watch 1 2 3 4 Sporty Wristband,129000,Tangerang
Goospery Silicone Strap Galaxy Smart Watch 1 2 3 4 Sporty Replacement Wristband,129000,Tangerang
Smart Watch M68  With TWS Headset Sport 1.32 TFT 360*360 PX IP 67 Waterproof Touchscreen,750000,Jakarta Pusat
Goospery Slim Silicone Strap Galaxy Smart Watch 1 2 3 4 Sporty Wristband 40mm 42mm 44mm,129000,Tangerang
Kabel USB Charger FOSSIL GEN 4 5 Cable Smart Watch,50000,Bekasi
Goospery Slim Silicone Strap Galaxy Smart Watch 1 2 3 4 Sporty Replacement Wristband,129000,Tangerang
AMAZFIT T-REX SMARTWATCH XIAOMI SMART WATCH HUAMI TREX,1249000,Jakarta Selatan
Goospery Slim Silicone Strap Galaxy Smart Watch 1 2 3 4 Sporty Wristband 45mm 46mm,129000,Tangerang
"Oraimo Watch 2 Smart Watch 1.69"" Screen 133 Sport Mode OSW-31N",563354,Jakarta Pusat
Kotak Tempat Penyimpanan Smart Watch Jam Tangan Isi 12 Slot,99400,Jakarta Barat
Smart Watch Dt8 UltraMax Seri 8 Full Screen Original Iwo wireless charging Double Strap,545000,Jakarta Pusat
Smart watch T55 Pro Max + Airpods original,165500,Jakarta Pusat
Original Jam Tangan Smart Watch T500+Pro Series 8,150000,Jakarta Pusat
Smart Watch Hw67 Mini,440000,Jakarta Utara
smart watch z66 ultra,440000,Jakarta Utara
smart watch z55 ultra,440000,Jakarta Utara
smart watch active 2,455000,Jakarta Utara
smart watch watch 8,455000,Jakarta Utara
Xiaomi Mi Watch Smart AMOLED Garansi Resmi,1620780,Jakarta Pusat
AMAZFIT GTS BLACK - SMARTWATCH XIAOMI - SMART WATCH HUAMI,739000,Jakarta Selatan
Smartwatch DT7 MAX Wireless Charging Smart Watch,685000,Jakarta Pusat
Smart Watch for Android and IOS Smartwatch,350000,Jakarta Barat
"Haylou SOLAR Lite Smart Watch IP68 SpO2 1.38"" Display - LS05 Lite",279000,Kab. Tangerang
NORTH EDGE E102 ECG Body Temperature Sensor Sport Smart Watch Dustproof IP68,759000,Jakarta Utara
Jam Tangan Smartwatch T500 Original Fit Pro Watch telepon Model iwo watch 5 6 7 iwo 10 Smart Watch,84900,Sidoarjo
iWatch Smart Watch 7 Pro Series 7 By EvaGadgetStore Indonesia Iwo Watch,649000,Sidoarjo
Smart watch Thunder - Jam Tangan Kesehatan Olahraga monitor Oksigen darah tekanan darah detak jantung Android & ios like Zeblaze Amazfit,215000,Jakarta Barat
Smart Watch M4. smartwatch m4 Like Mi Band 4. M 4 Smart Band SPORT. SMARTWATCH ATAU Smart Watch Smartwatch M4 Anti Air Support Android dan Iphone,115000,Jakarta Barat
smart watch 8 big,455000,Jakarta Utara
smart watch S18 pro,440000,Jakarta Utara
smart watch T55 Max,440000,Jakarta Utara
smart watch T55,440000,Jakarta Utara
smart watch X7,445000,Jakarta Utara
Realme Watch 2 Smartwatch Smart Jam Tangan Oxymeter Garansi Resmi,690000,Jakarta Pusat
M6 Smart Watch Oximeter SP02 Sport Mi Band Jam Tangan Pintar Heartrate Deteksi Detak Jantung Oksigen Olah Raga,45000,Kab. Tangerang
Haylou RT2 LS10 Smartwatch IP68 Sport SpO2 Smart Watch HD Display Original Garansi Waterproof,550000,Surabaya
Smartwatch M3 Smart Watch Band M3 Xiaomi Mi Band 3 Jam Tangan Pintar,119000,Jakarta Selatan
Amazfit GTR 2 Smart Watch Sport Classic - Smartwatch GTR2 AMOLED GLOBAL VERSION Garansi Resmi 1Th,1549000,Kab. Tangerang
SKMEI Jam Tangan Pintar Digital Smart Watch Hiwatch Pro Bluetooth Call - T500+ Pro - Smartwatch Skmei T500+ Pro,157900,Jakarta Barat
Oraimo Watch 2 Plus Smart Watch Jam Tangan Pintar BT Call - OSW-32N,799000,Jakarta Pusat
Haylou RT2 LS10 Smartwatch IP68 Sport SpO2 Smart Watch HD Display,459000,Sidoarjo
ORAIMO SMART WATCH OSW-16 BLACK OSW-16-BK,460000,Surabaya
ZEBLAZE VIBE 7 Pro Smart Watch 1.43 AMOLED Hi-Fi Bluetooth Call,868700,Kab. Tangerang
smart watch M16 Plus Karet,435000,Jakarta Utara
smart watch digitec runner original,570000,Jakarta Utara
smart watch digitec wave original,570000,Jakarta Utara
Oraimo Smartwatch 1.57'' Screen Bluetooth v5.1 IP68 Waterproof OSW-18N,332804,Jakarta Pusat
Oraimo Watch 2 Pro Smartwatch 1.75'' Screen IP68 Waterproof OSW-32,689900,Jakarta Pusat
Promo DT NO.1 7 DT7 MAX Smart Watch 19 inci NFC AI Voice jam pintar,480000,Jakarta Pusat
AMAZFIT BIP S - SMART WATCH XIAOMI - HUAMI SMARTWATCH,449000,Jakarta Selatan
Goospery Silicone Strap Galaxy Smart Watch 1 2 3 4 Sporty Wristband,129000,Tangerang
Goospery Silicone Strap Galaxy Smart Watch 1 2 3 4 Sporty Replacement Wristband,129000,Tangerang
Smart Watch M68  With TWS Headset Sport 1.32 TFT 360*360 PX IP 67 Waterproof Touchscreen,750000,Jakarta Pusat
Goospery Slim Silicone Strap Galaxy Smart Watch 1 2 3 4 Sporty Wristband 40mm 42mm 44mm,129000,Tangerang
Kabel USB Charger FOSSIL GEN 4 5 Cable Smart Watch,50000,Bekasi
Goospery Slim Silicone Strap Galaxy Smart Watch 1 2 3 4 Sporty Replacement Wristband,129000,Tangerang
AMAZFIT T-REX SMARTWATCH XIAOMI SMART WATCH HUAMI TREX,1249000,Jakarta Selatan
Goospery Slim Silicone Strap Galaxy Smart Watch 1 2 3 4 Sporty Wristband 45mm 46mm,129000,Tangerang
"Oraimo Watch 2 Smart Watch 1.69"" Screen 133 Sport Mode OSW-31N",563354,Jakarta Pusat
Kotak Tempat Penyimpanan Smart Watch Jam Tangan Isi 12 Slot,99400,Jakarta Barat
Smart Watch Dt8 UltraMax Seri 8 Full Screen Original Iwo wireless charging Double Strap,545000,Jakarta Pusat
Smart watch T55 Pro Max + Airpods original,165500,Jakarta Pusat
